grade,accuracy
A,0.9348187102131192
B,0.865112105220862
C,0.7660636269461167
D,0.652354401755825
E,0.5595768635361449
F,0.5410607804163615
G,0.5454114299264881
