loan duration,accuracy
0,0.8255167930211897
1,0.6477600534912599
