income_bucket,accuracy
Q1,0.7463065252614524
Q2,0.7557750815585939
Q3,0.7768497556615455
Q4,0.8180553696017614
