accuracy,precision,recall,f1,balanced_accuracy
0.7946698507506657,0.5787199416369707,0.09020415660753647,0.1560803217714076,0.5363484576840768
