{
  "overall_metrics": {
    "accuracy": 0.7946698507506657,
    "precision": 0.5787199416369707,
    "recall": 0.09020415660753647,
    "f1": 0.1560803217714076,
    "balanced_accuracy": 0.5363484576840768
  },
  "roc_auc": 0.7038680360311653,
  "average_precision": 0.38148933899501364,
  "bootstrap_mean": {
    "accuracy": 0.7946140479601118,
    "precision": 0.5784553780999215,
    "recall": 0.09012851093593909,
    "f1": 0.1559570231239637
  },
  "bootstrap_ci": {
    "accuracy": {
      "0.025": 0.7938968143202767,
      "0.975": 0.795400746246672
    },
    "precision": {
      "0.025": 0.5738461436124564,
      "0.975": 0.5832573642818255
    },
    "recall": {
      "0.025": 0.0890532679590307,
      "0.975": 0.09140658717706797
    },
    "f1": {
      "0.025": 0.15426954719226246,
      "0.975": 0.15808826128016482
    }
  }
}