income_bucket,accuracy
Q1,0.770249668581529
Q2,0.7808987940324769
Q3,0.797305316834077
Q4,0.8306295651656477
