loan duration,accuracy
0,0.8345174483206979
1,0.696701372305537
