grade,accuracy
A,0.9347396306986675
B,0.8651690284214192
C,0.7781434383773477
D,0.70346066020795
E,0.6387507623023878
F,0.6087805558461484
G,0.5903485890443443
