{
  "RF_R2_train": 0.9566924604407742,
  "RF_R2_test": 0.9430845425855917,
  "RF_MSE_test": 0.0008001286228361147,
  "n_train": 868988,
  "n_test": 217248
}