{
  "R2": 0.10602672572302019,
  "MSE": 0.12486655894009362
}