{
  "R2": 0.4524088837257084,
  "MSE": 0.07648530483267064
}